{
  "total_wh": 6528.709833333332,
  "total_kwh": 6.528709833333332,
  "total_tokens": 5596037,
  "conversations": 1312,
  "messages": 7523,
  "model_tier": "default",
  "equivalent_phone_charges": 544.0591527777777,
  "equivalent_led_bulb_hours": 652.8709833333332,
  "equiv_corolla_miles": 6.20010430515986,
  "equiv_flight_miles": 20.402218229166664,
  "by_topic": {
    "Https / Url Https / Url / Com / Https Domain": 1603.0933333333332,
    "Python / File / Csv / Row / Pandas": 191.92016666666666,
    "Water / Heat / Light / Air / Use": 416.59799999999996,
    "Battery / Wire / Power / Solder / Thermostat": 167.3478333333333,
    "Nthe / Use / Word / Claude / Time": 1243.4636666666668,
    "Tailscale / Network / Node / Home / Exit": 95.55699999999999,
    "File / Windows / Drive / Tld / Folder": 680.4455,
    "Steam / Game / Games / Controller / Gaming": 130.8405,
    "Python / Nprint / Model / Nimport / Print": 400.4501666666667,
    "Bash / Nsudo / Install / Linux / Bash Nsudo": 521.0683333333333,
    "Network / Docker / Home / Vpn / Container": 232.89699999999996,
    "Git / Ngit / Branch / Repository / Commit": 87.92583333333333,
    "Flags Citations / Uuid Flags / Txt / Folders / Following": 30.591166666666666,
    "Data / Column / Table / Sql / Date": 390.88466666666665,
    "Uncategorized": 0.3593333333333333,
    "Columns / Column / Dataframe / Pandas / Python": 335.2673333333333
  },
  "generated_at": "2026-02-13T12:39:48.644375"
}